,station_id,short_name,lat,lon,capacity,num_bikes_available,num_bikes_disabled,num_docks_available,num_docks_disabled,last_updated,temp_c,wind_kph,humidity,clouds
0,1,710,19.416795,-99.192508,39,3,0,36,0,2024-08-22 17:37:01,20.53,6.17,49,75
1,5,407,19.36726591257277,-99.15865559132271,19,1,0,18,0,2024-08-22 17:37:01,20.69,6.17,49,75
2,6,428,19.363404,-99.160395,27,19,0,8,0,2024-08-22 17:37:01,20.68,6.17,49,75
3,7,427,19.364905637923787,-99.1629866883295,19,3,5,11,0,2024-08-22 17:37:01,20.68,6.17,49,75
4,8,443,19.359583,-99.162085,31,5,0,26,0,2024-08-22 17:37:01,20.68,6.17,49,75
5,9,423,19.367816,-99.175269,23,4,0,19,0,2024-08-22 17:37:01,20.6,6.17,49,75
6,10,438,19.36473,-99.174447,23,0,0,23,0,2024-08-22 17:37:01,20.6,6.17,49,75
7,11,415,19.37099,-99.176135,27,0,1,26,0,2024-08-22 17:37:01,20.6,6.17,49,75
8,12,417,19.373198,-99.184274,27,10,0,17,0,2024-08-22 17:37:01,20.6,6.17,49,75
9,14,022,19.424784,-99.172119,35,0,0,35,0,2024-08-22 17:37:01,20.66,6.17,49,75
10,15,094,19.433766,-99.130918,23,1,1,21,0,2024-08-22 17:37:01,20.72,6.17,49,75
11,16,405,19.370565558464016,-99.15662247688942,27,2,1,24,0,2024-08-22 17:37:01,20.69,6.17,49,75
12,17,375,19.376997,-99.158779,23,0,0,23,0,2024-08-22 17:37:01,22.79,7.2,46,75
13,18,394,19.372474,-99.171639,35,0,1,34,0,2024-08-22 17:37:01,20.62,6.17,49,75
14,19,337,19.384849,-99.16704,19,4,0,15,0,2024-08-22 17:37:01,20.67,6.17,49,75
15,20,412,19.368107,-99.164376,34,5,0,29,0,2024-08-22 17:37:01,20.69,6.17,49,75
16,21,381,19.375543381100602,-99.17801052342838,23,9,1,13,0,2024-08-22 17:37:01,20.58,6.17,49,75
17,22,332,19.385494,-99.183744,23,5,0,18,0,2024-08-22 17:37:01,20.56,6.17,49,75
18,23,399,19.372469,-99.164538,35,13,0,22,0,2024-08-22 17:37:01,20.69,6.17,49,75
19,24,377,19.375397,-99.163778,35,9,1,25,0,2024-08-22 17:37:01,22.79,7.2,46,75
20,25,360,19.379435,-99.162794,23,3,1,19,0,2024-08-22 17:37:01,22.79,7.2,46,75
21,26,362,19.382123281154726,-99.18109126394484,19,3,0,16,0,2024-08-22 17:37:01,20.58,6.17,49,75
22,27,365,19.381123,-99.18667,21,7,1,13,0,2024-08-22 17:37:01,20.52,6.17,49,75
23,28,424,19.367103332434564,-99.17058136315518,11,4,1,6,0,2024-08-22 17:37:01,20.62,6.17,49,75
24,29,421,19.36952,-99.179421,31,14,0,17,0,2024-08-22 17:37:01,20.6,6.17,49,75
25,30,287,19.398946,-99.183254,19,6,2,11,0,2024-08-22 17:37:01,22.71,7.2,46,75
26,31,288,19.396339843986805,-99.1835709661791,15,4,0,11,0,2024-08-22 17:37:01,22.71,7.2,46,75
27,32,372,19.377966,-99.170272,19,10,2,7,0,2024-08-22 17:37:01,20.67,6.17,49,75
28,33,434,19.363698614576656,-99.17118497195588,27,0,0,27,0,2024-08-22 17:37:01,20.6,6.17,49,75
29,34,439,19.362037,-99.172683,19,0,0,19,0,2024-08-22 17:37:01,20.6,6.17,49,75
30,35,378,19.375865,-99.168219,31,3,0,28,0,2024-08-22 17:37:01,20.67,6.17,49,75
31,36,437,19.364916,-99.175985,19,9,0,10,0,2024-08-22 17:37:01,22.7,7.2,46,75
32,37,374,19.376959,-99.161099,31,4,2,25,0,2024-08-22 17:37:01,22.79,7.2,46,75
33,38,384,19.375865,-99.185573,23,0,2,21,0,2024-08-22 17:37:01,20.52,6.17,49,75
34,39,348,19.3854574,-99.1782718,19,1,0,18,0,2024-08-22 17:37:01,20.56,6.17,49,75
35,40,397,19.37313576931919,-99.16706666355822,31,7,1,23,0,2024-08-22 17:37:01,20.62,6.17,49,75
36,41,353,19.3823345657493,-99.17888358246273,23,5,1,17,0,2024-08-22 17:37:01,20.58,6.17,49,75
37,42,387,19.374267,-99.180546,19,3,1,15,0,2024-08-22 17:37:01,20.6,6.17,49,75
38,43,367,19.379593,-99.181351,19,7,0,12,0,2024-08-22 17:37:01,20.58,6.17,49,75
39,44,390-391,19.373161,-99.178243,47,14,0,33,0,2024-08-22 17:37:01,20.6,6.17,49,75
40,45,303,19.394861698080163,-99.17300574486944,26,20,0,6,0,2024-08-22 17:37:01,20.63,6.17,49,75
41,46,370,19.378827,-99.176944,31,27,1,3,0,2024-08-22 17:37:01,20.58,6.17,49,75
42,47,354,19.381714,-99.176664,23,0,1,22,0,2024-08-22 17:37:01,20.58,6.17,49,75
43,48,333,19.387624,-99.180978,23,7,0,16,0,2024-08-22 17:37:01,20.56,6.17,49,75
44,49,445-446,19.35857050753971,-99.15610156956063,0,0,0,0,0,2024-08-22 17:37:01,20.68,6.17,49,75
45,50,429,19.363060918104924,-99.15833439679318,19,2,0,17,0,2024-08-22 17:37:01,20.68,6.17,49,75
46,51,414,19.370213835587535,-99.17385498530166,27,2,0,25,0,2024-08-22 17:37:01,20.62,6.17,49,75
47,52,432,19.361245,-99.16239,35,1,2,32,0,2024-08-22 17:37:01,20.68,6.17,49,75
48,53,358,19.380087,-99.16427,23,4,1,18,0,2024-08-22 17:37:01,22.79,7.2,46,75
49,55,409,19.3650233,-99.1554899,23,1,1,21,0,2024-08-22 17:37:01,20.69,6.17,49,75
50,56,413,19.369823,-99.172164,35,6,2,27,0,2024-08-22 17:37:01,20.62,6.17,49,75
51,57,345,19.384447,-99.172039,23,13,0,10,0,2024-08-22 17:37:01,20.67,6.17,49,75
52,58,419,19.370615,-99.181606,30,13,1,16,0,2024-08-22 17:37:01,20.6,6.17,49,75
53,59,307,19.393711808925048,-99.17581468826029,27,25,1,1,0,2024-08-22 17:37:01,20.56,6.17,49,75
54,60,361,19.380691,-99.175036,27,18,2,7,0,2024-08-22 17:37:01,20.58,6.17,49,75
55,61,393,19.373307,-99.172471,35,0,2,33,0,2024-08-22 17:37:01,20.62,6.17,49,75
56,62,306,19.393699,-99.175664,35,12,1,22,0,2024-08-22 17:37:01,20.56,6.17,49,75
57,63,349,19.385632,-99.180848,19,4,1,14,0,2024-08-22 17:37:01,20.56,6.17,49,75
58,64,284,19.397693,-99.172981,31,8,0,23,0,2024-08-22 17:37:01,22.79,7.2,46,75
59,65,308,19.393643,-99.178156,31,17,0,14,0,2024-08-22 17:37:01,20.56,6.17,49,75
60,66,312,19.39270929935713,-99.18373167525715,27,16,1,10,0,2024-08-22 17:37:01,20.56,6.17,49,75
61,67,325,19.38817793281278,-99.16966706519814,23,19,0,4,0,2024-08-22 17:37:01,20.63,6.17,49,75
62,68,327,19.38885,-99.17772,23,18,2,3,0,2024-08-22 17:37:01,20.56,6.17,49,75
63,69,335,19.386989,-99.173438,35,22,1,12,0,2024-08-22 17:37:01,20.63,6.17,49,75
64,70,324,19.387342,-99.165629,19,7,0,12,0,2024-08-22 17:37:01,20.63,6.17,49,75
65,71,059,19.415237,-99.16659,35,31,2,2,0,2024-08-22 17:37:01,20.66,6.17,49,75
66,72,072,19.409859,-99.179565,31,19,3,9,0,2024-08-22 17:37:01,20.66,6.17,49,75
67,73,067,19.411813726946605,-99.17595729242748,23,6,0,17,0,2024-08-22 17:37:01,20.66,6.17,49,75
68,74,343,19.384086716282237,-99.16083633910603,15,6,2,7,0,2024-08-22 17:37:01,22.79,7.2,46,75
69,75,330,19.389358,-99.182606,19,4,0,15,0,2024-08-22 17:37:01,20.56,6.17,49,75
70,76,315,19.391444264426035,-99.17368702595921,27,11,2,14,0,2024-08-22 17:37:01,20.63,6.17,49,75
71,77,341,19.382889,-99.158352,31,6,1,24,0,2024-08-22 17:37:01,22.79,7.2,46,75
72,78,300,19.393228574754442,-99.16839435702059,23,0,0,23,0,2024-08-22 17:37:01,20.63,6.17,49,75
73,79,074,19.410468,-99.172802,35,19,2,14,0,2024-08-22 17:37:01,20.69,6.17,49,75
74,80,042,19.420627,-99.16821,23,6,3,14,0,2024-08-22 17:37:01,20.66,6.17,49,75
75,81,076,19.4086886,-99.169938,19,4,1,14,0,2024-08-22 17:37:01,20.69,6.17,49,75
76,82,064,19.412967269545486,-99.16692517703268,27,18,2,7,0,2024-08-22 17:37:01,20.69,6.17,49,75
77,83,056,19.417102,-99.165607,35,30,2,3,0,2024-08-22 17:37:01,20.66,6.17,49,75
78,84,071,19.411361,-99.171271,35,7,2,26,0,2024-08-22 17:37:01,20.69,6.17,49,75
79,85,083,19.40655,-99.172275,15,3,0,12,0,2024-08-22 17:37:01,20.69,6.17,49,75
80,86,081,19.407927,-99.168734,27,10,2,15,0,2024-08-22 17:37:01,20.69,6.17,49,75
81,87,079,19.407548521979454,-99.17434785516434,31,24,1,6,0,2024-08-22 17:37:01,20.69,6.17,49,75
82,88,128,19.422148,-99.160645,23,0,3,20,0,2024-08-22 17:37:01,20.71,6.17,49,75
83,89,049,19.41689,-99.17562,39,25,3,11,0,2024-08-22 17:37:01,20.69,6.17,49,75
84,90,066,19.411825,-99.178456,27,8,2,17,0,2024-08-22 17:37:01,20.66,6.17,49,75
85,91,040,19.42235098990008,-99.16417356581859,23,20,0,3,0,2024-08-22 17:37:01,20.71,6.17,49,75
86,92,053,19.4148233,-99.1783527,15,7,3,5,0,2024-08-22 17:37:01,20.66,6.17,49,75
87,93,046,19.41910678068996,-99.16973479097578,39,23,0,16,0,2024-08-22 17:37:01,20.66,6.17,49,75
88,94,447,19.418879,-99.176854,27,6,2,19,0,2024-08-22 17:37:01,20.69,6.17,49,75
89,95,060,19.414099314684794,-99.17715847497675,39,11,1,27,0,2024-08-22 17:37:01,20.66,6.17,49,75
90,96,302,19.393914210245562,-99.1716746986458,39,11,1,27,0,2024-08-22 17:37:01,20.63,6.17,49,75
91,97,070,19.41128,-99.169825,45,15,1,29,0,2024-08-22 17:37:01,20.69,6.17,49,75
92,98,125,19.424197,-99.156127,35,12,0,23,0,2024-08-22 17:37:01,20.71,6.17,49,75
93,99,100,19.428485,-99.1338,23,10,0,13,0,2024-08-22 17:37:01,20.72,6.17,49,75
94,100,105,19.426755,-99.135014,23,13,0,10,0,2024-08-22 17:37:01,20.74,6.17,49,75
95,101,102,19.428214,-99.139494,15,12,0,3,0,2024-08-22 17:37:01,20.74,6.17,49,75
96,102,097,19.429189,-99.132759,27,4,0,23,0,2024-08-22 17:37:01,20.72,6.17,49,75
97,103,099,19.429947,-99.14591,27,8,0,19,0,2024-08-22 17:37:01,20.72,6.17,49,75
98,104,107-108,19.427305,-99.149533,59,10,3,46,0,2024-08-22 17:37:01,20.72,6.17,49,75
99,105,122,19.425502,-99.146337,31,4,0,27,0,2024-08-22 17:37:01,20.72,6.17,49,75
100,106,029,19.434944,-99.150295,35,30,3,2,0,2024-08-22 17:37:01,20.72,6.17,49,75
101,107,110,19.425126,-99.143391,35,6,1,28,0,2024-08-22 17:37:01,20.74,6.17,49,75
102,108,093,19.436741,-99.134811,35,0,0,35,0,2024-08-22 17:37:01,20.7,6.17,49,75
103,109,091,19.4374,-99.137571,19,2,2,15,0,2024-08-22 17:37:01,20.71,6.17,49,75
104,110,112,19.432819,-99.151734,23,6,2,15,0,2024-08-22 17:37:01,20.72,6.17,49,75
105,111,065,19.436522,-99.139811,19,15,0,4,0,2024-08-22 17:37:01,20.71,6.17,49,75
106,112,088,19.433757,-99.135331,15,0,0,15,0,2024-08-22 17:37:01,20.74,6.17,49,75
107,113,003,19.43163,-99.158547,31,11,2,18,0,2024-08-22 17:37:01,20.71,6.17,49,75
108,114,109,19.425311,-99.137421,31,3,1,27,0,2024-08-22 17:37:01,20.74,6.17,49,75
109,115,113,19.430369,-99.154419,15,4,1,10,0,2024-08-22 17:37:01,20.72,6.17,49,75
110,116,123,19.424161,-99.153117,27,9,0,18,0,2024-08-22 17:37:01,22.86,7.2,46,75
111,117,259,19.437569,-99.15468,27,10,0,17,0,2024-08-22 17:37:01,20.72,6.17,49,75
112,118,260,19.43531137040153,-99.14778560405466,21,8,2,11,0,2024-08-22 17:37:01,20.72,6.17,49,75
113,119,016,19.4267528,-99.16861944,31,3,1,27,0,2024-08-22 17:37:01,20.66,6.17,49,75
114,120,025,19.427338,-99.16672,27,1,1,25,0,2024-08-22 17:37:01,20.66,6.17,49,75
115,121,116,19.428985,-99.15664,23,2,1,20,0,2024-08-22 17:37:01,20.71,6.17,49,75
116,122,019,19.429453,-99.16283,31,20,4,7,0,2024-08-22 17:37:01,20.71,6.17,49,75
117,123,005,19.429804,-99.169451,23,9,1,13,0,2024-08-22 17:37:01,20.66,6.17,49,75
118,124,261,19.42491,-99.172455,43,0,1,42,0,2024-08-22 17:37:01,20.66,6.17,49,75
119,125,263,19.436274,-99.158425,29,6,0,23,0,2024-08-22 17:37:01,20.71,6.17,49,75
120,126,111,19.438197,-99.165918,27,3,2,22,0,2024-08-22 17:37:01,20.7,6.17,49,75
121,127,265,19.440839,-99.152265,33,4,1,28,0,2024-08-22 17:37:01,20.72,6.17,49,75
122,128,264-275,19.440985,-99.152935,71,1,1,69,0,2024-08-22 17:37:01,20.72,6.17,49,75
123,129,255,19.437118,-99.161862,35,6,1,28,0,2024-08-22 17:37:01,20.71,6.17,49,75
124,130,268-269,19.442467,-99.151658,69,5,1,63,0,2024-08-22 17:37:01,20.72,6.17,49,75
125,131,007,19.425355,-99.17515,23,1,2,20,0,2024-08-22 17:37:01,20.65,6.17,49,75
126,132,254,19.439347,-99.160074,31,3,3,25,0,2024-08-22 17:37:01,20.71,6.17,49,75
127,133,115,19.429947,-99.159698,27,4,0,23,0,2024-08-22 17:37:01,20.71,6.17,49,75
128,134,273-274,19.442707,-99.152956,70,29,1,40,0,2024-08-22 17:37:01,20.72,6.17,49,75
129,135,035,19.424558,-99.163518,41,34,0,7,0,2024-08-22 17:37:01,20.71,6.17,49,75
130,136,012,19.432223,-99.161686,15,4,2,9,0,2024-08-22 17:37:01,20.71,6.17,49,75
131,137,006,19.430963,-99.166986,15,0,1,14,0,2024-08-22 17:37:01,20.66,6.17,49,75
132,138,132,19.420667,-99.15645,23,1,2,20,0,2024-08-22 17:37:01,20.71,6.17,49,75
133,139,144,19.415192,-99.154837,27,12,1,14,0,2024-08-22 17:37:01,22.86,7.2,46,75
134,140,147,19.412182,-99.158443,27,2,2,23,0,2024-08-22 17:37:01,20.73,6.17,49,75
135,141,271-272,19.443684,-99.152465,74,36,8,30,0,2024-08-22 17:37:01,20.72,6.17,49,75
136,142,002,19.430495377066244,-99.17115971451493,23,6,2,15,0,2024-08-22 17:37:01,20.66,6.17,49,75
137,143,137,19.418774,-99.157081,27,3,1,23,0,2024-08-22 17:37:01,20.71,6.17,49,75
138,144,139,19.416128,-99.162097,23,11,0,12,0,2024-08-22 17:37:01,20.71,6.17,49,75
139,145,190,19.409577,-99.183818,31,7,0,24,0,2024-08-22 17:37:01,20.66,6.17,49,75
140,146,185,19.412776,-99.182805,29,15,2,12,0,2024-08-22 17:37:01,20.66,6.17,49,75
141,147,228,19.427705,-99.19912,19,1,0,17,1,2024-08-22 17:37:01,20.49,6.17,49,75
142,148,220,19.432655,-99.205727,27,13,0,14,0,2024-08-22 17:37:01,20.51,6.17,49,75
143,149,204,19.435882,-99.19152,27,11,1,15,0,2024-08-22 17:37:01,20.59,6.17,49,75
144,150,199,19.437934,-99.197241,23,1,1,21,0,2024-08-22 17:37:01,20.59,6.17,49,75
145,151,247,19.432276,-99.18064,27,0,0,27,0,2024-08-22 17:37:01,20.65,6.17,49,75
146,152,158-159,19.407517,-99.155373,74,7,2,65,0,2024-08-22 17:37:01,20.73,6.17,49,75
147,153,207,19.434861,-99.183322,23,20,0,3,0,2024-08-22 17:37:01,20.65,6.17,49,75
148,154,222,19.431417,-99.195774,27,20,2,5,0,2024-08-22 17:37:01,20.49,6.17,49,75
149,155,216,19.433419,-99.195746,27,25,2,0,0,2024-08-22 17:37:01,20.49,6.17,49,75
150,156,212,19.433863944714325,-99.18809428821986,35,5,0,30,0,2024-08-22 17:37:01,20.58,6.17,49,75
151,157,140,19.416596,-99.156879,19,7,1,11,0,2024-08-22 17:37:01,20.71,6.17,49,75
152,158,229,19.430515,-99.203331,23,14,1,8,0,2024-08-22 17:37:01,20.49,6.17,49,75
153,159,231,19.429711892530808,-99.19357940565533,27,21,0,6,0,2024-08-22 17:37:01,20.58,6.17,49,75
154,160,460,19.43716476942747,-99.20793056498951,35,18,1,16,0,2024-08-22 17:37:01,20.43,6.17,49,75
155,161,214,19.434353,-99.20322,27,14,1,12,0,2024-08-22 17:37:01,20.49,6.17,49,75
156,162,218,19.432451,-99.188033,23,3,2,18,0,2024-08-22 17:37:01,20.58,6.17,49,75
157,163,243,19.441123,-99.195857,23,0,2,21,0,2024-08-22 17:37:01,20.59,6.17,49,75
158,164,192-193,19.425907,-99.190733,49,25,1,23,0,2024-08-22 17:37:01,20.58,6.17,49,75
159,165,464,19.442421,-99.199838,19,2,0,17,0,2024-08-22 17:37:01,20.59,6.17,49,75
160,166,195,19.424858,-99.185181,31,0,1,30,0,2024-08-22 17:37:01,20.53,6.17,49,75
161,167,120,19.425437,-99.159458,15,2,2,11,0,2024-08-22 17:37:01,20.71,6.17,49,75
162,168,143,19.414303,-99.157542,23,6,1,16,0,2024-08-22 17:37:01,20.73,6.17,49,75
163,169,150,19.409894,-99.164288,31,18,0,13,0,2024-08-22 17:37:01,20.73,6.17,49,75
164,170,161,19.405533,-99.164913,23,2,0,21,0,2024-08-22 17:37:01,20.73,6.17,49,75
165,171,031,19.427922277979096,-99.16124593467885,37,21,2,14,0,2024-08-22 17:37:01,20.71,6.17,49,75
166,172,280,19.4015,-99.156406,39,9,1,29,0,2024-08-22 17:37:01,20.73,6.17,49,75
167,173,032,19.42268552552878,-99.16998323054486,35,18,2,15,0,2024-08-22 17:37:01,20.66,6.17,49,75
168,174,118,19.427114,-99.158251,19,9,2,8,0,2024-08-22 17:37:01,20.71,6.17,49,75
169,175,134,19.418293491655607,-99.15993556380272,31,2,3,26,0,2024-08-22 17:37:01,20.71,6.17,49,75
170,176,033,19.424187,-99.166497,17,10,1,6,0,2024-08-22 17:37:01,20.66,6.17,49,75
171,177,165,19.404268,-99.160503,23,4,1,18,0,2024-08-22 17:37:01,20.73,6.17,49,75
172,178,179,19.404435569698265,-99.17138099675866,27,10,2,15,0,2024-08-22 17:37:01,22.79,7.2,46,75
173,179,293,19.397373,-99.164598,23,17,0,6,0,2024-08-22 17:37:01,20.73,6.17,49,75
174,180,037,19.42041712015948,-99.17271204298231,35,0,3,32,0,2024-08-22 17:37:01,20.66,6.17,49,75
175,181,156,19.406959,-99.163021,19,0,0,19,0,2024-08-22 17:37:01,20.73,6.17,49,75
176,182,285,19.399763,-99.177538,19,1,1,17,0,2024-08-22 17:37:01,22.71,7.2,46,75
177,183,131,19.419579,-99.161314,19,6,0,13,0,2024-08-22 17:37:01,20.71,6.17,49,75
178,184,030,19.426099760030304,-99.16493654251099,36,16,1,19,0,2024-08-22 17:37:01,20.71,6.17,49,75
179,185,057,19.414968,-99.174766,11,0,0,11,0,2024-08-22 17:37:01,20.69,6.17,49,75
180,186,058,19.415358,-99.171902,27,9,2,16,0,2024-08-22 17:37:01,20.66,6.17,49,75
181,187,175,19.400599004903363,-99.17245991533491,23,1,1,21,0,2024-08-22 17:37:01,22.79,7.2,46,75
182,188,148,19.412829,-99.155116,21,5,0,16,0,2024-08-22 17:37:01,20.72,6.17,49,75
183,189,177,19.408841,-99.181692,19,12,0,7,0,2024-08-22 17:37:01,22.77,7.2,46,75
184,190,166,19.406069,-99.183549,23,7,0,16,0,2024-08-22 17:37:01,20.61,6.17,49,75
185,191,241,19.43869310388943,-99.20757338410112,19,0,0,19,0,2024-08-22 17:37:01,20.43,6.17,49,75
186,192,173,19.401682,-99.176398,23,7,0,16,0,2024-08-22 17:37:01,20.65,6.17,49,75
187,193,126,19.422288,-99.162138,34,0,0,34,0,2024-08-22 17:37:01,20.71,6.17,49,75
188,194,127,19.423318,-99.15833,27,10,1,16,0,2024-08-22 17:37:01,20.71,6.17,49,75
189,195,180,19.404554,-99.169953,27,22,0,5,0,2024-08-22 17:37:01,20.68,6.17,49,75
190,196,467,19.440399,-99.186784,27,7,2,18,0,2024-08-22 17:37:01,20.61,6.17,49,75
191,197,167,19.404608864422567,-99.1794095188925,23,14,0,9,0,2024-08-22 17:37:01,20.65,6.17,49,75
192,198,196,19.438349,-99.192904,27,12,0,15,0,2024-08-22 17:37:01,20.61,6.17,49,75
193,199,152,19.409098,-99.167181,35,1,3,31,0,2024-08-22 17:37:01,20.7,6.17,49,75
194,200,200,19.437596,-99.188785,27,13,0,14,0,2024-08-22 17:37:01,20.61,6.17,49,75
195,201,461,19.440106,-99.210031,31,13,0,18,0,2024-08-22 17:37:01,20.43,6.17,49,75
196,202,454,19.425905,-99.204236,15,15,0,0,0,2024-08-22 17:37:01,20.43,6.17,49,75
197,203,466,19.44269,-99.19083,27,1,0,26,0,2024-08-22 17:37:01,20.61,6.17,49,75
198,204,213,19.434366028509015,-99.206306487431,27,7,1,19,0,2024-08-22 17:37:01,20.44,6.17,49,75
199,205,157,19.406236,-99.166616,30,1,0,29,0,2024-08-22 17:37:01,20.7,6.17,49,75
200,206,456,19.427517,-99.208412,27,3,1,23,0,2024-08-22 17:37:01,20.44,6.17,49,75
201,207,459,19.429323620268587,-99.2071587592636,31,0,4,27,0,2024-08-22 17:37:01,20.44,6.17,49,75
202,208,457,19.42703,-99.212845,17,0,1,16,0,2024-08-22 17:37:01,20.44,6.17,49,75
203,209,283,19.397923,-99.167248,19,11,0,8,0,2024-08-22 17:37:01,20.68,6.17,49,75
204,210,294,19.39644167553825,-99.16090227668974,21,10,2,9,0,2024-08-22 17:37:01,20.71,6.17,49,75
205,211,278,19.40071,-99.163831,19,10,0,9,0,2024-08-22 17:37:01,20.71,6.17,49,75
206,212,282,19.398719270170474,-99.16128046816084,19,19,0,0,0,2024-08-22 17:37:01,20.71,6.17,49,75
207,213,320,19.391323,-99.15936,19,2,1,16,0,2024-08-22 17:37:01,20.71,6.17,49,75
208,214,044,19.418141,-99.174709,27,2,2,23,0,2024-08-22 17:37:01,20.69,6.17,49,75
209,215,114,19.428989,-99.153618,23,16,1,6,0,2024-08-22 17:37:01,20.73,6.17,49,75
210,216,322,19.388456876549792,-99.16064277296753,27,6,0,21,0,2024-08-22 17:37:01,20.71,6.17,49,75
211,217,318,19.392195,-99.163987,23,2,3,18,0,2024-08-22 17:37:01,20.71,6.17,49,75
212,218,009,19.428184,-99.170013,19,3,3,13,0,2024-08-22 17:37:01,20.69,6.17,49,75
213,219,234,19.42786220267939,-99.1914046928423,27,19,1,7,0,2024-08-22 17:37:01,20.55,6.17,49,75
214,220,339,19.386212,-99.160583,23,2,2,19,0,2024-08-22 17:37:01,20.71,6.17,49,75
215,221,188,19.411711,-99.190139,19,3,0,16,0,2024-08-22 17:37:01,20.51,6.17,49,75
216,222,298,19.394092,-99.162139,19,6,2,11,0,2024-08-22 17:37:01,20.71,6.17,49,75
217,223,189,19.410046050731914,-99.18795973067971,19,7,2,10,0,2024-08-22 17:37:01,20.51,6.17,49,75
218,224,249,19.42988388240091,-99.1775936633894,15,2,1,12,0,2024-08-22 17:37:01,20.64,6.17,49,75
219,225,043,19.4351365,-99.1460756,31,2,0,29,0,2024-08-22 17:37:01,20.72,6.17,49,75
220,226,469,19.434183,-99.173089,27,0,0,27,0,2024-08-22 17:37:01,20.69,6.17,49,75
221,227,472,19.437667,-99.17711,23,11,0,12,0,2024-08-22 17:37:01,20.65,6.17,49,75
222,228,048,19.433705,-99.146665,11,10,1,0,0,2024-08-22 17:37:01,20.73,6.17,49,75
223,229,181,19.404825166337652,-99.17472235863897,27,4,1,22,0,2024-08-22 17:37:01,20.68,6.17,49,75
224,230,246,19.434147,-99.179835,15,0,1,14,0,2024-08-22 17:37:01,20.64,6.17,49,75
225,231,479,19.444433,-99.179664,25,6,0,19,0,2024-08-22 17:37:01,20.65,6.17,49,75
226,232,281,19.398532,-99.157308,31,5,0,26,0,2024-08-22 17:37:01,20.71,6.17,49,75
227,233,480,19.446073,-99.181654,19,11,2,6,0,2024-08-22 17:37:01,20.65,6.17,49,75
228,234,041,19.43542,-99.150317,33,10,1,22,0,2024-08-22 17:37:01,20.72,6.17,49,75
229,235,226,19.431044265870334,-99.18220639234278,27,0,0,27,0,2024-08-22 17:37:01,20.64,6.17,49,75
230,236,468,19.437250121513653,-99.1795731336424,33,7,0,26,0,2024-08-22 17:37:01,20.65,6.17,49,75
231,237,256,19.437128,-99.158363,23,7,2,14,0,2024-08-22 17:37:01,20.71,6.17,49,75
232,238,119,19.4268522887659,-99.1556279361248,29,21,3,5,0,2024-08-22 17:37:01,20.72,6.17,49,75
233,239,475,19.439249,-99.181065,23,8,2,13,0,2024-08-22 17:37:01,20.65,6.17,49,75
234,240,010,19.433431,-99.155142,27,19,5,3,0,2024-08-22 17:37:01,20.72,6.17,49,75
235,241,450,19.43832573320297,-99.15223784747468,31,7,0,24,0,2024-08-22 17:37:01,20.72,6.17,49,75
236,242,555,19.44021597,-99.1561678,35,9,4,22,0,2024-08-22 17:37:01,20.71,6.17,49,75
237,243,270,19.436764,-99.153865,33,3,3,27,0,2024-08-22 17:37:01,20.72,6.17,49,75
238,244,248,19.43175,-99.177399,23,0,2,21,0,2024-08-22 17:37:01,20.64,6.17,49,75
239,245,476,19.442127,-99.184433,35,3,2,30,0,2024-08-22 17:37:01,20.65,6.17,49,75
240,246,174,19.441133258345886,-99.16170336308824,31,14,2,15,0,2024-08-22 17:37:01,20.71,6.17,49,75
241,247,237-238,19.426744,-99.193986,63,53,5,4,1,2024-08-22 17:37:01,20.55,6.17,49,75
242,249,124,19.422392,-99.150358,35,6,1,28,0,2024-08-22 17:37:01,20.73,6.17,49,75
243,250,082,19.433344,-99.14404,11,6,2,3,0,2024-08-22 17:37:01,20.7,6.17,49,75
244,251,262,19.436931,-99.133952,31,1,1,29,0,2024-08-22 17:37:01,20.7,6.17,49,75
245,252,235-236,19.429332,-99.202181,55,12,1,42,0,2024-08-22 17:37:01,20.43,6.17,49,75
246,253,104,19.427059,-99.137116,11,3,0,8,0,2024-08-22 17:37:01,20.7,6.17,49,75
247,254,136,19.417715,-99.162729,23,1,1,21,0,2024-08-22 17:37:01,20.71,6.17,49,75
248,255,183,19.437665,-99.164018,35,1,2,32,0,2024-08-22 17:37:01,20.71,6.17,49,75
249,256,095,19.430682555945197,-99.1337009892004,19,6,0,13,0,2024-08-22 17:37:01,20.73,6.17,49,75
250,257,036,19.41966,-99.17588,31,18,2,11,0,2024-08-22 17:37:01,20.69,6.17,49,75
251,258,063,19.413091238892452,-99.1716201604504,35,0,2,33,0,2024-08-22 17:37:01,20.7,6.17,49,75
252,259,087,19.432024,-99.139705,25,2,0,23,0,2024-08-22 17:37:01,20.7,6.17,49,75
253,260,020,19.43086152710901,-99.16025899353372,23,12,4,7,0,2024-08-22 17:37:01,20.72,6.17,49,75
254,261,015,19.425597,-99.171409,23,2,0,21,0,2024-08-22 17:37:01,20.69,6.17,49,75
255,262,075,19.408740687234836,-99.17677424853537,33,5,2,26,0,2024-08-22 17:37:01,20.61,6.17,49,75
256,263,017,19.427553,-99.167396,27,8,3,16,0,2024-08-22 17:37:01,20.69,6.17,49,75
257,264,080,19.407239898913133,-99.17207747708744,35,2,0,33,0,2024-08-22 17:37:01,20.7,6.17,49,75
258,265,023,19.42528,-99.171099,36,0,1,35,0,2024-08-22 17:37:01,20.69,6.17,49,75
259,266,085,19.434059327049166,-99.16243817658597,15,1,0,14,0,2024-08-22 17:37:01,20.72,6.17,49,75
260,267,014,19.42454,-99.173247,39,12,3,24,0,2024-08-22 17:37:01,20.69,6.17,49,75
261,268,135,19.419250969141167,-99.15503863246612,38,8,4,26,0,2024-08-22 17:37:01,20.71,6.17,49,75
262,269,089,19.434962,-99.133729,11,5,0,6,0,2024-08-22 17:37:01,20.73,6.17,49,75
263,270,133,19.421138,-99.154725,35,2,1,32,0,2024-08-22 17:37:01,20.73,6.17,49,75
264,271,141,19.415905,-99.15954,31,1,1,29,0,2024-08-22 17:37:01,20.71,6.17,49,75
265,272,092,19.436531,-99.131497,23,2,0,21,0,2024-08-22 17:37:01,20.7,6.17,49,75
266,273,470,19.435039,-99.173879,23,11,0,12,0,2024-08-22 17:37:01,20.67,6.17,49,75
267,275,239,19.430153,-99.181355,19,0,3,16,0,2024-08-22 17:37:01,20.64,6.17,49,75
268,276,656,19.3543111,-99.1624361,35,1,1,33,0,2024-08-22 17:37:01,20.64,6.17,49,75
269,277,305,19.394693,-99.175531,31,19,1,11,0,2024-08-22 17:37:01,20.63,6.17,49,75
270,278,121,19.42413685832429,-99.16131634266549,15,6,2,7,0,2024-08-22 17:37:01,20.71,6.17,49,75
271,279,027,19.42916,-99.162703,43,11,0,32,0,2024-08-22 17:37:01,20.72,6.17,49,75
272,280,252,19.427575,-99.17702,19,0,2,17,0,2024-08-22 17:37:01,20.64,6.17,49,75
273,281,251,19.429261,-99.17538,15,0,0,15,0,2024-08-22 17:37:01,20.64,6.17,49,75
274,282,117,19.427166592327957,-99.16029106826954,31,14,1,16,0,2024-08-22 17:37:01,20.72,6.17,49,75
275,283,250,19.428949,-99.179796,23,0,1,22,0,2024-08-22 17:37:01,20.64,6.17,49,75
276,284,217,19.432850919536445,-99.18354526173061,31,2,0,29,0,2024-08-22 17:37:01,20.64,6.17,49,75
277,285,224,19.431255,-99.188065,15,0,2,13,0,2024-08-22 17:37:01,20.55,6.17,49,75
278,286,215,19.43384,-99.19968,23,16,1,6,0,2024-08-22 17:37:01,20.43,6.17,49,75
279,287,202,19.436064,-99.198898,19,11,1,7,0,2024-08-22 17:37:01,20.55,6.17,49,75
280,288,240,19.438634297233477,-99.20629061763975,17,8,0,9,0,2024-08-22 17:37:01,20.43,6.17,49,75
281,289,047,19.419506460644055,-99.16636526590081,29,24,3,2,0,2024-08-22 17:37:01,20.69,6.17,49,75
282,290,258,19.4165298,-99.1790435,33,23,0,10,0,2024-08-22 17:37:01,20.69,6.17,49,75
283,291,011,19.431192,-99.163546,15,0,3,12,0,2024-08-22 17:37:01,20.72,6.17,49,75
284,292,001,19.43347819859695,-99.16778985412292,35,12,3,20,0,2024-08-22 17:37:01,20.69,6.17,49,75
285,293,103,19.441533,-99.165268,31,2,1,28,0,2024-08-22 17:37:01,20.67,6.17,49,75
286,294,013,19.424941,-99.17233,28,1,2,25,0,2024-08-22 17:37:01,20.69,6.17,49,75
287,295,018,19.428802,-99.164381,39,4,3,32,0,2024-08-22 17:37:01,20.72,6.17,49,75
288,296,038,19.420829444872908,-99.17142122989388,35,15,2,18,0,2024-08-22 17:37:01,20.69,6.17,49,75
289,297,449,19.420281,-99.174392,27,7,1,19,0,2024-08-22 17:37:01,20.69,6.17,49,75
290,298,028,19.423664,-99.172568,35,0,1,34,0,2024-08-22 17:37:01,20.69,6.17,49,75
291,299,034,19.42472751913646,-99.16334755721435,23,17,1,5,0,2024-08-22 17:37:01,20.71,6.17,49,75
292,300,232,19.42894,-99.185389,31,14,0,17,0,2024-08-22 17:37:01,20.55,6.17,49,75
293,301,227,19.431783492215445,-99.20738060028725,23,0,0,23,0,2024-08-22 17:37:01,20.44,6.17,49,75
294,302,211,19.433607,-99.188528,35,3,0,32,0,2024-08-22 17:37:01,20.55,6.17,49,75
295,303,478,19.440818,-99.176961,27,18,0,9,0,2024-08-22 17:37:01,20.65,6.17,49,75
296,304,474,19.438984,-99.177549,31,10,0,21,0,2024-08-22 17:37:01,20.65,6.17,49,75
297,305,176,19.442717,-99.152262,39,5,2,32,0,2024-08-22 17:37:01,20.72,6.17,49,75
298,306,244,19.440508,-99.193681,23,3,0,20,0,2024-08-22 17:37:01,20.61,6.17,49,75
299,307,219,19.433542,-99.207808,39,18,0,21,0,2024-08-22 17:37:01,20.44,6.17,49,75
300,309,465,19.445039,-99.194078,27,4,4,19,0,2024-08-22 17:37:01,20.59,6.17,49,75
301,311,257,19.433803,-99.166223,19,13,1,5,0,2024-08-22 17:37:01,20.69,6.17,49,75
302,312,455,19.426308,-99.2033,23,0,0,23,0,2024-08-22 17:37:01,20.43,6.17,49,75
303,313,266-267,19.444031,-99.152187,75,38,4,33,0,2024-08-22 17:37:01,20.72,6.17,49,75
304,314,201,19.437496732030738,-99.18721206491682,19,0,0,19,0,2024-08-22 17:37:01,20.61,6.17,49,75
305,315,208,19.434182,-99.189835,25,8,3,14,0,2024-08-22 17:37:01,20.55,6.17,49,75
306,316,221,19.431799,-99.201565,25,20,0,5,0,2024-08-22 17:37:01,20.43,6.17,49,75
307,317,210,19.434076,-99.194091,27,2,1,24,0,2024-08-22 17:37:01,20.55,6.17,49,75
308,318,021,19.424809702659765,-99.1717654466629,25,0,2,23,0,2024-08-22 17:37:01,20.69,6.17,49,75
309,319,206,19.436142,-99.200996,23,3,1,19,0,2024-08-22 17:37:01,20.55,6.17,49,75
310,320,086,19.432452,-99.15924,17,13,4,0,0,2024-08-22 17:37:01,20.72,6.17,49,75
311,321,233,19.429314,-99.196965,15,6,1,8,0,2024-08-22 17:37:01,20.43,6.17,49,75
312,322,451,19.428847,-99.201299,33,29,0,4,0,2024-08-22 17:37:01,20.43,6.17,49,75
313,323,008,19.431256,-99.158153,17,2,2,13,0,2024-08-22 17:37:01,20.72,6.17,49,75
314,324,223,19.431242,-99.191613,35,31,4,0,0,2024-08-22 17:37:01,20.55,6.17,49,75
315,325,668,19.367522,-99.181727,33,3,1,29,0,2024-08-22 17:37:01,20.53,6.17,49,75
316,326,242,19.44002672090815,-99.20071095250022,31,6,3,21,1,2024-08-22 17:37:01,20.55,6.17,49,75
317,327,050,19.41682441224743,-99.17378827934954,27,6,2,19,0,2024-08-22 17:37:01,20.69,6.17,49,75
318,328,145,19.41286,-99.160661,27,5,1,21,0,2024-08-22 17:37:01,20.72,6.17,49,75
319,329,142,19.41325186264067,-99.16412428026888,31,9,2,20,0,2024-08-22 17:37:01,20.72,6.17,49,75
320,330,155,19.408218,-99.159911,35,5,0,30,0,2024-08-22 17:37:01,20.72,6.17,49,75
321,331,225,19.431172,-99.185612,21,0,1,20,0,2024-08-22 17:37:01,20.55,6.17,49,75
322,332,553,19.442,-99.1593333,35,5,3,27,0,2024-08-22 17:37:01,20.71,6.17,49,75
323,333,051,19.418031,-99.168435,27,23,1,3,0,2024-08-22 17:37:01,20.69,6.17,49,75
324,334,170,19.404029,-99.184342,23,10,0,13,0,2024-08-22 17:37:01,20.65,6.17,49,75
325,335,452,19.435867,-99.179856,15,0,0,15,0,2024-08-22 17:37:01,20.65,6.17,49,75
326,336,552,19.4431081,-99.1624537,23,2,2,19,0,2024-08-22 17:37:01,20.71,6.17,49,75
327,337,130,19.421576,-99.158015,23,5,0,18,0,2024-08-22 17:37:01,20.71,6.17,49,75
328,338,062,19.41331637033966,-99.17530506854746,19,1,1,17,0,2024-08-22 17:37:01,20.61,6.17,49,75
329,339,061,19.413832444192096,-99.16939929138606,35,18,1,16,0,2024-08-22 17:37:01,20.7,6.17,49,75
330,340,129,19.4206,-99.163312,23,5,0,18,0,2024-08-22 17:37:01,20.71,6.17,49,75
331,341,068,19.41166825384696,-99.17382381861898,25,24,0,1,0,2024-08-22 17:37:01,20.7,6.17,49,75
332,342,448,19.426611,-99.14447,31,5,0,26,0,2024-08-22 17:37:01,20.7,6.17,49,75
333,343,253,19.42644758104329,-99.17815290396902,19,0,0,19,0,2024-08-22 17:37:01,20.64,6.17,49,75
334,344,186,19.412455,-99.188489,15,6,0,9,0,2024-08-22 17:37:01,20.51,6.17,49,75
335,345,554,19.4417473,-99.155639,27,6,0,21,0,2024-08-22 17:37:01,20.71,6.17,49,75
336,346,151,19.410529,-99.160873,27,3,0,24,0,2024-08-22 17:37:01,20.72,6.17,49,75
337,347,550,19.445947026056686,-99.16137836878987,23,2,0,21,0,2024-08-22 17:37:01,20.71,6.17,49,75
338,348,551,19.4435806,-99.1648833,23,0,0,23,0,2024-08-22 17:37:01,20.71,6.17,49,75
339,349,549,19.4450444,-99.1571333,27,6,1,20,0,2024-08-22 17:37:01,20.71,6.17,49,75
340,350,162,19.404907,-99.162485,27,9,0,18,0,2024-08-22 17:37:01,20.71,6.17,49,75
341,352,024,19.426614,-99.168078,19,1,0,18,0,2024-08-22 17:37:01,20.69,6.17,49,75
342,353,026,19.432595,-99.154995,15,4,3,8,0,2024-08-22 17:37:01,20.73,6.17,49,75
343,354,191,19.40796,-99.187901,19,5,6,8,0,2024-08-22 17:37:01,20.51,6.17,49,75
344,355,045,19.418749,-99.171942,39,0,2,37,0,2024-08-22 17:37:01,20.69,6.17,49,75
345,356,052,19.436208,-99.141931,19,3,0,16,0,2024-08-22 17:37:01,20.74,6.17,49,75
346,357,286,19.399201,-99.179943,19,7,1,11,0,2024-08-22 17:37:01,20.65,6.17,49,75
347,358,160,19.440252,-99.163455,23,3,0,20,0,2024-08-22 17:37:01,20.71,6.17,49,75
348,359,194,19.424282,-99.180334,35,0,0,35,0,2024-08-22 17:37:01,20.69,6.17,49,75
349,360,659,19.3564861,-99.1694556,23,1,0,22,0,2024-08-22 17:37:01,20.59,6.17,49,75
350,361,096,19.430625,-99.14248,35,10,0,25,0,2024-08-22 17:37:01,20.7,6.17,49,75
351,362,667,19.363955445342725,-99.1807891801136,23,3,1,19,0,2024-08-22 17:37:01,20.56,6.17,49,75
352,363,084,19.406872,-99.169572,19,13,2,4,0,2024-08-22 17:37:01,20.7,6.17,49,75
353,364,660,19.3580028,-99.1701056,27,8,1,18,0,2024-08-22 17:37:01,20.59,6.17,49,75
354,365,168,19.403997,-99.1776,23,17,1,5,0,2024-08-22 17:37:01,20.65,6.17,49,75
355,366,670,19.3676,-99.1849917,23,15,0,8,0,2024-08-22 17:37:01,20.53,6.17,49,75
356,367,154,19.406683,-99.167962,35,13,1,21,0,2024-08-22 17:37:01,20.7,6.17,49,75
357,368,658,19.355339,-99.165613,19,1,1,17,0,2024-08-22 17:37:01,20.59,6.17,49,75
358,369,657,19.3574361,-99.1637944,19,1,0,18,0,2024-08-22 17:37:01,20.64,6.17,49,75
359,370,184,19.414793,-99.185083,35,24,1,10,0,2024-08-22 17:37:01,20.51,6.17,49,75
360,371,153,19.407468,-99.165141,23,3,1,19,0,2024-08-22 17:37:01,20.7,6.17,49,75
361,372,077,19.406745,-99.178272,15,13,2,0,0,2024-08-22 17:37:01,20.61,6.17,49,75
362,373,073,19.410073,-99.175542,35,14,0,21,0,2024-08-22 17:37:01,20.61,6.17,49,75
363,374,078,19.407512,-99.177361,35,2,2,31,0,2024-08-22 17:37:01,20.61,6.17,49,75
364,375,163,19.405246,-99.15643,35,7,1,27,0,2024-08-22 17:37:01,20.72,6.17,49,75
365,376,054,19.416163,-99.170795,35,14,2,19,0,2024-08-22 17:37:01,20.69,6.17,49,75
366,377,169,19.403019,-99.174934,23,9,0,14,0,2024-08-22 17:37:01,20.68,6.17,49,75
367,378,430,19.36205,-99.154976,23,20,1,2,0,2024-08-22 17:37:01,20.7,6.17,49,75
368,379,171,19.40253247789727,-99.1782025248358,27,8,2,17,0,2024-08-22 17:37:01,20.65,6.17,49,75
369,380,309,19.393059,-99.179483,31,7,0,24,0,2024-08-22 17:37:01,20.63,6.17,49,75
370,381,182,19.402028398340054,-99.17129248386118,31,9,3,19,0,2024-08-22 17:37:01,20.68,6.17,49,75
371,382,331,19.388748,-99.183924,27,3,1,23,0,2024-08-22 17:37:01,20.63,6.17,49,75
372,383,279,19.399908,-99.166553,31,3,2,26,0,2024-08-22 17:37:01,20.68,6.17,49,75
373,384,187,19.411227,-99.185514,23,16,0,7,0,2024-08-22 17:37:01,20.51,6.17,49,75
374,385,291,19.397651,-99.169946,35,10,3,22,0,2024-08-22 17:37:01,20.68,6.17,49,75
375,386,297,19.394412,-99.158907,27,5,1,21,0,2024-08-22 17:37:01,20.71,6.17,49,75
376,387,310,19.395316464981526,-99.18172560637684,15,1,2,12,0,2024-08-22 17:37:01,20.65,6.17,49,75
377,388,314,19.391647,-99.177331,19,3,0,16,0,2024-08-22 17:37:01,20.63,6.17,49,75
378,389,351,19.385751,-99.186297,15,8,0,7,0,2024-08-22 17:37:01,20.53,6.17,49,75
379,390,319,19.391991,-99.162684,27,4,1,22,0,2024-08-22 17:37:01,20.71,6.17,49,75
380,391,329,19.390306,-99.184812,31,7,0,24,0,2024-08-22 17:37:01,20.58,6.17,49,75
381,392,164,19.4032285,-99.1658539,27,13,0,14,0,2024-08-22 17:37:01,20.69,6.17,49,75
382,393,295,19.396189323455705,-99.15687739860005,35,7,0,28,0,2024-08-22 17:37:01,22.85,7.2,46,75
383,394,336,19.385531,-99.169673,23,4,0,19,0,2024-08-22 17:37:01,22.77,7.2,46,75
384,395,296,19.394283,-99.158756,23,5,0,18,0,2024-08-22 17:37:01,20.71,6.17,49,75
385,396,323,19.388986312246836,-99.1632449628014,27,14,1,12,0,2024-08-22 17:37:01,20.71,6.17,49,75
386,397,340,19.385625037771153,-99.15819257503244,31,0,0,31,0,2024-08-22 17:37:01,20.71,6.17,49,75
387,398,669,19.37076863433144,-99.1873613745247,23,13,1,9,0,2024-08-22 17:37:01,20.5,6.17,49,75
388,399,209,19.435478,-99.206359,19,9,1,9,0,2024-08-22 17:37:01,20.43,6.17,49,75
389,400,317,19.391456,-99.166157,35,3,2,30,0,2024-08-22 17:37:01,22.77,7.2,46,75
390,401,299,19.394601,-99.165054,27,0,0,27,0,2024-08-22 17:37:01,22.77,7.2,46,75
391,402,276,19.401986,-99.156366,19,0,1,18,0,2024-08-22 17:37:01,22.85,7.2,46,75
392,403,090,19.43144,-99.132513,27,2,1,24,0,2024-08-22 17:37:01,20.7,6.17,49,75
393,404,304,19.395043,-99.173821,35,31,0,4,0,2024-08-22 17:37:01,20.69,6.17,49,75
394,405,352,19.384146,-99.185491,31,12,2,17,0,2024-08-22 17:37:01,20.52,6.17,49,75
395,406,366,19.378423,-99.181891,19,11,0,8,0,2024-08-22 17:37:01,20.56,6.17,49,75
396,407,395,19.373725,-99.169807,31,4,0,27,0,2024-08-22 17:37:01,20.64,6.17,49,75
397,408,316,19.391056,-99.1712,27,11,1,15,0,2024-08-22 17:37:01,22.77,7.2,46,75
398,409,292,19.396917,-99.166264,31,15,0,16,0,2024-08-22 17:37:01,20.69,6.17,49,75
399,410,380,19.374756,-99.173539,23,0,0,23,0,2024-08-22 17:37:01,20.64,6.17,49,75
400,411,338,19.384242,-99.16326,27,4,0,23,0,2024-08-22 17:37:01,20.69,6.17,49,75
401,412,420,19.36967233269665,-99.17958118026945,23,3,0,20,0,2024-08-22 17:37:01,20.56,6.17,49,75
402,413,373,19.377932,-99.166594,19,5,0,14,0,2024-08-22 17:37:01,20.66,6.17,49,75
403,414,416,19.371279,-99.177623,27,8,0,19,0,2024-08-22 17:37:01,20.56,6.17,49,75
404,415,386,19.374912,-99.185807,39,4,0,35,0,2024-08-22 17:37:01,20.5,6.17,49,75
405,416,347,19.384474,-99.176084,19,2,0,17,0,2024-08-22 17:37:01,20.56,6.17,49,75
406,417,342,19.38237,-99.1598779,31,4,2,25,0,2024-08-22 17:37:01,20.69,6.17,49,75
407,418,328,19.392721,-99.184727,15,4,0,11,0,2024-08-22 17:37:01,20.58,6.17,49,75
408,419,369,19.379941,-99.177224,35,5,0,30,0,2024-08-22 17:37:01,20.56,6.17,49,75
409,420,389,19.373438,-99.179531,39,35,0,4,0,2024-08-22 17:37:01,20.56,6.17,49,75
410,421,205,19.43552573443183,-99.18474711483212,19,3,0,16,0,2024-08-22 17:37:01,20.62,6.17,49,75
411,422,396,19.37165,-99.17015,19,4,0,15,0,2024-08-22 17:37:01,20.64,6.17,49,75
412,423,436,19.36623,-99.177904,30,1,1,28,0,2024-08-22 17:37:01,20.56,6.17,49,75
413,424,334,19.386530826718293,-99.17510658508034,27,16,0,11,0,2024-08-22 17:37:01,20.58,6.17,49,75
414,425,385,19.375650918831095,-99.18558642279095,35,2,1,32,0,2024-08-22 17:37:01,20.52,6.17,49,75
415,426,422,19.368403,-99.177472,19,6,2,11,0,2024-08-22 17:37:01,20.56,6.17,49,75
416,427,363,19.380839,-99.183932,23,1,0,22,0,2024-08-22 17:37:01,20.56,6.17,49,75
417,428,355,19.38201131984727,-99.17328938847277,19,12,0,7,0,2024-08-22 17:37:01,20.66,6.17,49,75
418,429,346,19.38496594717172,-99.17411729704327,26,15,0,11,0,2024-08-22 17:37:01,20.66,6.17,49,75
419,430,290,19.39638,-99.1727082,26,14,0,12,0,2024-08-22 17:37:01,20.69,6.17,49,75
420,431,371,19.378546,-99.174297,23,8,2,13,0,2024-08-22 17:37:01,20.66,6.17,49,75
421,432,401,19.372101,-99.161501,31,4,2,25,0,2024-08-22 17:37:01,20.66,6.17,49,75
422,433,356,19.381287,-99.1702,15,12,0,3,0,2024-08-22 17:37:01,20.66,6.17,49,75
423,434,433,19.363548,-99.170766,19,1,1,17,0,2024-08-22 17:37:01,20.6,6.17,49,75
424,435,277,19.401807,-99.15909,31,3,0,28,0,2024-08-22 17:37:01,22.85,7.2,46,75
425,436,172,19.403507124790526,-99.18165966879315,19,10,1,8,0,2024-08-22 17:37:01,20.61,6.17,49,75
426,437,404,19.373833,-99.157433,31,1,2,28,0,2024-08-22 17:37:01,20.66,6.17,49,75
427,438,203,19.435985,-99.194832,23,8,0,15,0,2024-08-22 17:37:01,20.59,6.17,49,75
428,439,473,19.438143,-99.17519,35,21,3,11,0,2024-08-22 17:37:01,20.62,6.17,49,75
429,440,462,19.442338,-99.205198,23,23,0,0,0,2024-08-22 17:37:01,20.43,6.17,49,75
430,441,477,19.440905,-99.181743,23,9,2,12,0,2024-08-22 17:37:01,20.62,6.17,49,75
431,442,471,19.436287,-99.174888,19,7,0,12,0,2024-08-22 17:37:01,20.69,6.17,49,75
432,443,321,19.389477,-99.157513,27,4,1,22,0,2024-08-22 17:37:01,20.71,6.17,49,75
433,444,444,19.359475,-99.159437,19,9,0,10,0,2024-08-22 17:37:01,20.67,6.17,49,75
434,445,441,19.361213660076572,-99.16772089901315,31,1,0,30,0,2024-08-22 17:37:01,20.6,6.17,49,75
435,446,055,19.434514,-99.138068,15,2,0,13,0,2024-08-22 17:37:01,20.68,6.17,49,75
436,447,138,19.417702,-99.155313,27,9,0,18,0,2024-08-22 17:37:01,20.72,6.17,49,75
437,448,359,19.379331,-99.161163,31,6,0,25,0,2024-08-22 17:37:01,20.69,6.17,49,75
438,449,398,19.37104,-99.165653,27,10,1,16,0,2024-08-22 17:37:01,20.64,6.17,49,75
439,450,178,19.406833,-99.180457,23,18,1,4,0,2024-08-22 17:37:01,22.77,7.2,46,75
440,451,198,19.438173973703993,-99.20383617292828,25,8,1,16,0,2024-08-22 17:37:01,20.51,6.17,49,75
441,452,326,19.388978,-99.174811,35,9,0,26,0,2024-08-22 17:37:01,22.77,7.2,46,75
442,453,622,19.378362,-99.144007,27,1,1,25,0,2024-08-22 17:37:01,20.74,6.17,49,75
443,454,402,19.370934360592926,-99.15874142201119,27,1,0,26,0,2024-08-22 17:37:01,20.66,6.17,49,75
444,455,039,19.421762,-99.166931,23,2,0,21,0,2024-08-22 17:37:01,20.7,6.17,49,75
445,456,483,19.443092,-99.177612,23,6,0,17,0,2024-08-22 17:37:01,20.62,6.17,49,75
446,457,313,19.391431,-99.178989,23,1,1,21,0,2024-08-22 17:37:01,20.58,6.17,49,75
447,458,230,19.430098,-99.200074,15,11,0,4,0,2024-08-22 17:37:01,20.49,6.17,49,75
448,459,485,19.438506,-99.172696,23,5,1,17,0,2024-08-22 17:37:01,20.69,6.17,49,75
449,460,392,19.373004,-99.174764,19,0,4,15,0,2024-08-22 17:37:01,20.64,6.17,49,75
450,461,453,19.424842,-99.203739,31,1,2,28,0,2024-08-22 17:37:01,20.44,6.17,49,75
451,462,357,19.380617,-99.167066,27,9,0,18,0,2024-08-22 17:37:01,20.66,6.17,49,75
452,463,546,19.448764,-99.156817,23,12,0,11,0,2024-08-22 17:37:01,20.72,6.17,49,75
453,464,301,19.393807,-99.171133,25,21,1,3,0,2024-08-22 17:37:01,22.77,7.2,46,75
454,465,004,19.428491,-99.171693,19,3,0,16,0,2024-08-22 17:37:01,20.69,6.17,49,75
455,466,496,19.449039,-99.170246,35,1,1,33,0,2024-08-22 17:37:01,20.68,6.17,49,75
456,467,146,19.410699360989387,-99.16587710386011,23,6,1,16,0,2024-08-22 17:37:01,20.69,6.17,49,75
457,468,149,19.41199,-99.155699,31,4,1,26,0,2024-08-22 17:37:01,20.72,6.17,49,75
458,469,495,19.445528,-99.166934,39,9,1,29,0,2024-08-22 17:37:01,20.68,6.17,49,75
459,470,537,19.457543649054422,-99.15946327155325,23,2,0,21,0,2024-08-22 17:37:01,20.72,6.17,49,75
460,471,069,19.410797,-99.168143,17,15,0,2,0,2024-08-22 17:37:01,20.69,6.17,49,75
461,472,245,19.438347,-99.190503,21,16,0,5,0,2024-08-22 17:37:01,20.59,6.17,49,75
462,473,425,19.36704,-99.167387,35,27,4,4,0,2024-08-22 17:37:01,20.64,6.17,49,75
463,474,481,19.449367,-99.182461,19,4,0,15,0,2024-08-22 17:37:01,20.66,6.17,49,75
464,475,502,19.453432,-99.174636,35,0,2,33,0,2024-08-22 17:37:01,20.68,6.17,49,75
465,476,504,19.455343,-99.179056,27,3,2,22,0,2024-08-22 17:37:01,20.67,6.17,49,75
466,477,498,19.453146248510524,-99.16645511990282,37,0,0,37,0,2024-08-22 17:37:01,20.68,6.17,49,75
467,478,536,19.458881,-99.159215,23,1,0,22,0,2024-08-22 17:37:01,20.72,6.17,49,75
468,479,497,19.452688,-99.170157,51,4,1,46,0,2024-08-22 17:37:01,20.68,6.17,49,75
469,480,492,19.449153,-99.173433,35,2,1,32,0,2024-08-22 17:37:01,20.68,6.17,49,75
470,481,503,19.455571630398424,-99.17513005440924,19,9,0,10,0,2024-08-22 17:37:01,20.67,6.17,49,75
471,482,506,19.459553,-99.185111,27,5,0,22,0,2024-08-22 17:37:01,21.86,7.15,47,75
472,483,507,19.460292,-99.188303,31,7,0,24,0,2024-08-22 17:37:01,21.86,7.15,47,75
473,484,499,19.455986,-99.165966,39,6,0,33,0,2024-08-22 17:37:01,20.68,6.17,49,75
474,485,458,19.428679,-99.206605,19,0,0,19,0,2024-08-22 17:37:01,20.42,6.17,49,75
475,486,541,19.45272,-99.158014,27,11,0,16,0,2024-08-22 17:37:01,20.72,6.17,49,75
476,487,482,19.444826,-99.178393,23,5,0,18,0,2024-08-22 17:37:01,20.62,6.17,49,75
477,488,545,19.449098384943877,-99.15995210414621,27,16,0,11,0,2024-08-22 17:37:01,20.72,6.17,49,75
478,489,486,19.437334,-99.169573,23,4,2,17,0,2024-08-22 17:37:01,20.69,6.17,49,75
479,490,098,19.430267,-99.14861,31,6,0,25,0,2024-08-22 17:37:01,20.73,6.17,49,75
480,491,491,19.449405,-99.176635,23,3,1,19,0,2024-08-22 17:37:01,20.66,6.17,49,75
481,492,672,19.36295,-99.183161,31,17,1,13,0,2024-08-22 17:37:01,20.48,6.17,49,75
482,493,543,19.450506,-99.157375,27,15,0,12,0,2024-08-22 17:37:01,20.72,6.17,49,75
483,494,540,19.453965040246473,-99.15246807044241,23,0,0,23,0,2024-08-22 17:37:01,20.74,6.17,49,75
484,495,703,19.350776,-99.155379,23,14,0,9,0,2024-08-22 17:37:01,20.66,6.17,49,75
485,496,673,19.363153,-99.186963,35,26,0,9,0,2024-08-22 17:37:01,20.45,6.17,49,75
486,497,700,19.350062,-99.160024,35,1,0,34,0,2024-08-22 17:37:01,20.66,6.17,49,75
487,498,704,19.344976,-99.157824,23,7,2,14,0,2024-08-22 17:37:01,20.65,6.17,49,75
488,499,709,19.344236764049867,-99.15006525817262,23,3,2,18,0,2024-08-22 17:37:01,20.69,6.17,49,75
489,500,706,19.347503,-99.15244,23,5,0,18,0,2024-08-22 17:37:01,20.68,6.17,49,75
490,501,702,19.347246,-99.15857,31,3,0,28,0,2024-08-22 17:37:01,20.66,6.17,49,75
491,502,708,19.346419552561255,-99.14566911759721,27,13,0,14,0,2024-08-22 17:37:01,20.68,6.17,49,75
492,503,643,19.362323,-99.148805,39,0,1,38,0,2024-08-22 17:37:01,20.71,6.17,49,75
493,504,597,19.398858,-99.151211,27,0,1,26,0,2024-08-22 17:37:01,20.73,6.17,49,75
494,505,694,19.353243,-99.163753,23,2,0,21,0,2024-08-22 17:37:01,20.66,6.17,49,75
495,506,696,19.351576,-99.164567,39,0,2,37,0,2024-08-22 17:37:01,20.66,6.17,49,75
496,507,626,19.382115,-99.153988,27,1,2,24,0,2024-08-22 17:37:01,20.72,6.17,49,75
497,508,615,19.38748,-99.153876,31,8,1,22,0,2024-08-22 17:37:01,20.72,6.17,49,75
498,509,630,19.375677,-99.152953,31,1,1,29,0,2024-08-22 17:37:01,20.72,6.17,49,75
499,510,701,19.352052,-99.157981,23,9,0,14,0,2024-08-22 17:37:01,20.66,6.17,49,75
500,511,617,19.384589,-99.150517,31,5,1,25,0,2024-08-22 17:37:01,20.72,6.17,49,75
501,512,692,19.349149,-99.169646,19,5,0,14,0,2024-08-22 17:37:01,20.6,6.17,49,75
502,513,688,19.346975,-99.178791,33,4,0,29,0,2024-08-22 17:37:01,20.56,6.17,49,75
503,514,661,19.35675,-99.171769,27,2,0,25,0,2024-08-22 17:37:01,20.6,6.17,49,75
504,515,618,19.381824,-99.148086,31,2,1,28,0,2024-08-22 17:37:01,20.72,6.17,49,75
505,516,602,19.392523,-99.146194,35,4,1,30,0,2024-08-22 17:37:01,20.72,6.17,49,75
506,517,559,19.420029,-99.140999,27,5,0,22,0,2024-08-22 17:37:01,20.73,6.17,49,75
507,518,691,19.347283,-99.170834,23,11,2,10,0,2024-08-22 17:37:01,20.6,6.17,49,75
508,519,689,19.351426,-99.175455,23,9,0,14,0,2024-08-22 17:37:01,20.56,6.17,49,75
509,520,619,19.381277,-99.145804,23,0,0,23,0,2024-08-22 17:37:01,20.72,6.17,49,75
510,521,649,19.35072,-99.146786,23,0,0,23,0,2024-08-22 17:37:01,20.68,6.17,49,75
511,522,629,19.376367,-99.155872,19,2,1,16,0,2024-08-22 17:37:01,20.69,6.17,49,75
512,523,562,19.42037,-99.146818,23,17,0,6,0,2024-08-22 17:37:01,20.73,6.17,49,75
513,524,609,19.384623,-99.139817,31,1,0,30,0,2024-08-22 17:37:01,20.74,6.17,49,75
514,525,623,19.375518,-99.144118,35,1,1,33,0,2024-08-22 17:37:01,20.74,6.17,49,75
515,526,651,19.351578,-99.150941,31,4,0,27,0,2024-08-22 17:37:01,20.68,6.17,49,75
516,527,612,19.388148,-99.148446,31,3,0,28,0,2024-08-22 17:37:01,20.72,6.17,49,75
517,528,577,19.411609,-99.15314,31,0,0,31,0,2024-08-22 17:37:01,21.93,7.15,47,75
518,529,624,19.377516,-99.148116,35,1,3,31,0,2024-08-22 17:37:01,20.72,6.17,49,75
519,530,620,19.381804,-99.142997,23,3,1,19,0,2024-08-22 17:37:01,20.74,6.17,49,75
520,531,592,19.399664,-99.145136,27,6,2,19,0,2024-08-22 17:37:01,20.73,6.17,49,75
521,532,637,19.36576,-99.144413,23,2,0,21,0,2024-08-22 17:37:01,20.72,6.17,49,75
522,533,604,19.390945,-99.142972,31,0,0,31,0,2024-08-22 17:37:01,20.75,6.17,49,75
523,534,634,19.370133,-99.145866,27,2,3,22,0,2024-08-22 17:37:01,20.72,6.17,49,75
524,535,568,19.418013,-99.144598,23,6,3,14,0,2024-08-22 17:37:01,20.73,6.17,49,75
525,536,639,19.364528,-99.146988,23,8,0,15,0,2024-08-22 17:37:01,20.71,6.17,49,75
526,537,573,19.412853,-99.138723,27,13,0,14,0,2024-08-22 17:37:01,20.74,6.17,49,75
527,538,494,19.444053,-99.167429,22,8,2,12,0,2024-08-22 17:37:01,20.69,6.17,49,75
528,539,563,19.419444,-99.149776,23,10,1,12,0,2024-08-22 17:37:01,20.73,6.17,49,75
529,540,560,19.421599,-99.143408,27,8,1,18,0,2024-08-22 17:37:01,20.73,6.17,49,75
530,541,611,19.387506,-99.146338,23,12,0,11,0,2024-08-22 17:37:01,20.72,6.17,49,75
531,542,567,19.417133,-99.145649,23,6,0,17,0,2024-08-22 17:37:01,20.73,6.17,49,75
532,543,589,19.39859,-99.137732,23,7,0,16,0,2024-08-22 17:37:01,20.74,6.17,49,75
533,544,564,19.419509,-99.153227,23,8,0,15,0,2024-08-22 17:37:01,20.73,6.17,49,75
534,545,633,19.372175,-99.146356,27,18,0,9,0,2024-08-22 17:37:01,20.72,6.17,49,75
535,546,664,19.355544,-99.178992,23,4,1,18,0,2024-08-22 17:37:01,20.48,6.17,49,75
536,547,579,19.410884,-99.144975,27,7,0,20,0,2024-08-22 17:37:01,20.74,6.17,49,75
537,548,652,19.354876,-99.153611,23,13,2,8,0,2024-08-22 17:37:01,20.68,6.17,49,75
538,549,663,19.3548028,-99.1754194,23,7,0,16,0,2024-08-22 17:37:01,20.56,6.17,49,75
539,550,603,19.394422,-99.143291,27,5,0,22,0,2024-08-22 17:37:01,20.75,6.17,49,75
540,551,548,19.447028903088047,-99.15431119504319,39,12,3,24,0,2024-08-22 17:37:01,20.74,6.17,49,75
541,552,463,19.443228,-99.202492,27,5,0,22,0,2024-08-22 17:37:01,20.51,6.17,49,75
542,553,662,19.362041,-99.175158,23,7,0,16,0,2024-08-22 17:37:01,20.48,6.17,49,75
543,554,679,19.354886,-99.184642,31,4,3,24,0,2024-08-22 17:37:01,20.56,6.17,49,75
544,555,571,19.416221,-99.134909,35,28,0,7,0,2024-08-22 17:37:01,20.74,6.17,49,75
545,556,578,19.408649,-99.151126,27,2,0,25,0,2024-08-22 17:37:01,21.93,7.15,47,75
546,557,666,19.3614885,-99.1774325,23,14,1,8,0,2024-08-22 17:37:01,20.48,6.17,49,75
547,558,556,19.423056,-99.134941,33,4,0,29,0,2024-08-22 17:37:01,20.74,6.17,49,75
548,559,678,19.3588634,-99.1829297,27,9,0,18,0,2024-08-22 17:37:01,20.48,6.17,49,75
549,560,645,19.358634,-99.152732,27,1,0,26,0,2024-08-22 17:37:01,20.71,6.17,49,75
550,561,569,19.415713,-99.141227,19,10,1,8,0,2024-08-22 17:37:01,20.73,6.17,49,75
551,562,686,19.352203,-99.178393,27,5,0,22,0,2024-08-22 17:37:01,20.56,6.17,49,75
552,563,501,19.454257,-99.172593,27,3,1,23,0,2024-08-22 17:37:01,20.68,6.17,49,75
553,564,697,19.349277,-99.164921,35,9,0,26,0,2024-08-22 17:37:01,20.66,6.17,49,75
554,565,530,19.4645,-99.16948,27,4,0,23,0,2024-08-22 17:37:01,20.68,6.17,49,75
555,566,584,19.40697,-99.14383,31,18,2,11,0,2024-08-22 17:37:01,20.74,6.17,49,75
556,567,580,19.409817,-99.141643,19,11,2,6,0,2024-08-22 17:37:01,20.74,6.17,49,75
557,568,575,19.413235,-99.143476,31,14,1,16,0,2024-08-22 17:37:01,20.74,6.17,49,75
558,569,590,19.399172,-99.140625,31,14,1,16,0,2024-08-22 17:37:01,20.74,6.17,49,75
559,570,650,19.355809,-99.149393,27,0,0,27,0,2024-08-22 17:37:01,20.71,6.17,49,75
560,571,631,19.372907,-99.149207,27,5,1,21,0,2024-08-22 17:37:01,20.72,6.17,49,75
561,572,687,19.349307,-99.179074,27,1,0,26,0,2024-08-22 17:37:01,20.56,6.17,49,75
562,573,640,19.367465,-99.148786,23,5,1,17,0,2024-08-22 17:37:01,20.72,6.17,49,75
563,574,628,19.378281,-99.15841,23,0,3,20,0,2024-08-22 17:37:01,20.69,6.17,49,75
564,575,510,19.462152,-99.178291,23,8,0,15,0,2024-08-22 17:37:01,20.67,6.17,49,75
565,576,635,19.370586,-99.142294,39,13,2,24,0,2024-08-22 17:37:01,20.72,6.17,49,75
566,577,655,19.357086311891955,-99.16019652040175,19,11,0,8,0,2024-08-22 17:37:01,20.67,6.17,49,75
567,578,531,19.460356,-99.174283,35,0,0,35,0,2024-08-22 17:37:01,20.68,6.17,49,75
568,579,684,19.351594,-99.184772,31,5,1,25,0,2024-08-22 17:37:01,20.56,6.17,49,75
569,580,613,19.390019,-99.15111,31,7,1,23,0,2024-08-22 17:37:01,20.72,6.17,49,75
570,581,557,19.41981,-99.135941,27,3,0,24,0,2024-08-22 17:37:01,20.73,6.17,49,75
571,582,642,19.364001,-99.150422,23,0,1,22,0,2024-08-22 17:37:01,20.71,6.17,49,75
572,583,512,19.465638,-99.186178,27,5,0,22,0,2024-08-22 17:37:01,20.65,6.17,49,75
573,584,665,19.3589028,-99.1779972,23,8,0,15,0,2024-08-22 17:37:01,20.48,6.17,49,75
574,585,594,19.402277,-99.153294,31,10,0,21,0,2024-08-22 17:37:01,20.73,6.17,49,75
575,586,514,19.470485,-99.188509,31,4,1,26,0,2024-08-22 17:37:01,20.65,6.17,49,75
576,587,525,19.468293,-99.16557,11,8,0,3,0,2024-08-22 17:37:01,21.9,7.15,47,75
577,588,527,19.464826,-99.163177,23,5,1,17,0,2024-08-22 17:37:01,20.71,6.17,49,75
578,589,516,19.46669,-99.180302,19,3,0,16,0,2024-08-22 17:37:01,20.69,6.17,49,75
579,590,595,19.396983,-99.155114,27,2,2,23,0,2024-08-22 17:37:01,20.71,6.17,49,75
580,591,517,19.465377,-99.179197,27,2,0,25,0,2024-08-22 17:37:01,20.69,6.17,49,75
581,592,519,19.464891,-99.177242,19,3,1,15,0,2024-08-22 17:37:01,20.69,6.17,49,75
582,593,521,19.466423,-99.173061,31,2,2,27,0,2024-08-22 17:37:01,20.7,6.17,49,75
583,594,518,19.468315,-99.177386,27,4,1,22,0,2024-08-22 17:37:01,20.69,6.17,49,75
584,595,654,19.355942,-99.157461,23,1,0,22,0,2024-08-22 17:37:01,20.64,6.17,49,75
585,596,653,19.356689,-99.153269,23,8,0,15,0,2024-08-22 17:37:01,20.7,6.17,49,75
586,597,707,19.348076,-99.14906,27,3,0,24,0,2024-08-22 17:37:01,20.69,6.17,49,75
587,598,542,19.451838,-99.154584,23,11,0,12,0,2024-08-22 17:37:01,20.73,6.17,49,75
588,599,636,19.367131,-99.142838,23,10,0,13,0,2024-08-22 17:37:01,20.72,6.17,49,75
589,600,561,19.423673,-99.147957,27,4,2,21,0,2024-08-22 17:37:01,20.73,6.17,49,75
590,601,585,19.405358,-99.14316,27,8,0,19,0,2024-08-22 17:37:01,20.74,6.17,49,75
591,602,600,19.392463,-99.150544,31,4,1,26,0,2024-08-22 17:37:01,20.73,6.17,49,75
592,603,599,19.398143,-99.148333,27,5,0,22,0,2024-08-22 17:37:01,20.73,6.17,49,75
593,604,638,19.361743,-99.143867,19,14,1,4,0,2024-08-22 17:37:01,20.72,6.17,49,75
594,605,591,19.402088,-99.142976,27,9,1,17,0,2024-08-22 17:37:01,20.74,6.17,49,75
595,606,500,19.456546,-99.169344,23,10,0,13,0,2024-08-22 17:37:01,20.7,6.17,49,75
596,607,484,19.44046,-99.174564,15,7,0,8,0,2024-08-22 17:37:01,20.67,6.17,49,75
597,608,601,19.395812,-99.145347,31,8,2,21,0,2024-08-22 17:37:01,20.73,6.17,49,75
598,609,685,19.347698842866482,-99.18690070520825,27,3,3,21,0,2024-08-22 17:37:01,20.47,6.17,49,75
599,610,535,19.461773,-99.162241,19,10,1,8,0,2024-08-22 17:37:01,20.71,6.17,49,75
600,611,544,19.449773,-99.163136,23,3,1,19,0,2024-08-22 17:37:01,20.71,6.17,49,75
601,612,505,19.455319,-99.181368,23,2,1,20,0,2024-08-22 17:37:01,20.69,6.17,49,75
602,613,106,19.42649,-99.133537,23,22,1,0,0,2024-08-22 17:37:01,20.73,6.17,49,75
603,614,695,19.352143,-99.162096,23,3,2,18,0,2024-08-22 17:37:01,20.64,6.17,49,75
604,615,607,19.39091,-99.138953,19,1,0,18,0,2024-08-22 17:37:01,20.75,6.17,49,75
605,616,690,19.345966,-99.172975,23,7,0,16,0,2024-08-22 17:37:01,20.59,6.17,49,75
606,617,648,19.354411,-99.147795,25,15,2,8,0,2024-08-22 17:37:01,20.69,6.17,49,75
607,618,693,19.352531,-99.164913,31,1,0,30,0,2024-08-22 17:37:01,20.64,6.17,49,75
608,619,644,19.361371,-99.150619,19,0,1,18,0,2024-08-22 17:37:01,20.7,6.17,49,75
609,620,705,19.344107,-99.155933,27,15,2,10,0,2024-08-22 17:37:01,20.68,6.17,49,75
610,621,539,19.4551042,-99.1576905,23,2,1,20,0,2024-08-22 17:37:01,20.71,6.17,49,75
611,622,538,19.4537538,-99.163111,19,5,0,14,0,2024-08-22 17:37:01,20.71,6.17,49,75
612,623,588,19.401175,-99.13748,31,11,0,20,0,2024-08-22 17:37:01,20.74,6.17,49,75
613,624,558,19.4223,-99.139872,27,5,0,22,0,2024-08-22 17:37:01,20.73,6.17,49,75
614,625,593,19.401018,-99.147952,31,16,0,15,0,2024-08-22 17:37:01,20.73,6.17,49,75
615,626,699,19.346895,-99.163868,23,1,0,22,0,2024-08-22 17:37:01,20.64,6.17,49,75
616,627,490,19.448935,-99.179295,11,8,2,1,0,2024-08-22 17:37:01,20.65,6.17,49,75
617,628,627,19.382606,-99.156592,31,6,1,24,0,2024-08-22 17:37:01,20.7,6.17,49,75
618,629,621,19.379458,-99.140943,26,1,23,0,2,2024-08-22 17:37:01,20.74,6.17,49,75
619,630,605,19.395084,-99.139519,27,6,0,21,0,2024-08-22 17:37:01,20.74,6.17,49,75
620,631,674,19.361846,-99.186814,27,14,0,13,0,2024-08-22 17:37:01,20.45,6.17,49,75
621,632,528,19.464964,-99.160455,27,8,0,19,0,2024-08-22 17:37:01,20.71,6.17,49,75
622,633,598,19.3931,-99.152012,31,4,0,27,0,2024-08-22 17:37:01,20.73,6.17,49,75
623,634,671,19.364577,-99.186288,36,2,0,34,0,2024-08-22 17:37:01,20.45,6.17,49,75
624,635,583,19.408087,-99.137763,35,12,0,23,0,2024-08-22 17:37:01,20.74,6.17,49,75
625,636,493,19.445916,-99.170401,19,4,0,15,0,2024-08-22 17:37:01,20.69,6.17,49,75
626,637,572,19.414677,-99.136894,27,1,0,26,0,2024-08-22 17:37:01,20.74,6.17,49,75
627,638,596,19.395205,-99.155049,27,4,0,23,0,2024-08-22 17:37:01,20.71,6.17,49,75
628,639,487,19.439741,-99.168901,7,3,1,3,0,2024-08-22 17:37:01,20.67,6.17,49,75
629,640,442,19.359863,-99.165065,23,6,0,17,0,2024-08-22 17:37:01,20.59,6.17,49,75
630,641,570,19.417595,-99.140972,27,6,1,20,0,2024-08-22 17:37:01,20.73,6.17,49,75
631,642,647,19.359256,-99.144433,23,5,0,18,0,2024-08-22 17:37:01,20.72,6.17,49,75
632,643,608,19.3884304,-99.1397718,51,6,1,44,0,2024-08-22 17:37:01,20.75,6.17,49,75
633,644,698,19.344873,-99.16357,15,4,0,11,0,2024-08-22 17:37:01,20.68,6.17,49,75
634,645,610,19.387174,-99.143708,31,7,0,24,0,2024-08-22 17:37:01,20.75,6.17,49,75
635,646,641,19.368156,-99.151883,23,6,0,17,0,2024-08-22 17:37:01,20.71,6.17,49,75
636,647,534,19.4587727,-99.1644993,27,6,1,20,0,2024-08-22 17:37:01,20.71,6.17,49,75
637,648,574,19.411768,-99.140899,15,5,0,10,0,2024-08-22 17:37:01,20.74,6.17,49,75
638,649,616,19.384876,-99.153594,23,0,1,22,0,2024-08-22 17:37:01,20.72,6.17,49,75
639,650,646,19.360545,-99.147501,27,7,0,20,0,2024-08-22 17:37:01,20.7,6.17,49,75
640,651,489,19.446383,-99.17598,27,0,0,27,0,2024-08-22 17:37:01,20.65,6.17,49,75
641,652,614,19.389293,-99.156348,27,6,1,20,0,2024-08-22 17:37:01,20.71,6.17,49,75
642,653,632,19.370891,-99.151577,27,9,0,18,0,2024-08-22 17:37:01,20.71,6.17,49,75
643,654,625,19.379442,-99.150064,19,5,2,12,0,2024-08-22 17:37:01,20.72,6.17,49,75
644,655,581,19.411398,-99.135655,27,10,1,16,0,2024-08-22 17:37:01,20.74,6.17,49,75
645,656,513,19.469578,-99.189828,39,0,0,39,0,2024-08-22 17:37:01,20.65,6.17,49,75
646,657,197,19.440924618966452,-99.20504942541811,31,8,2,21,0,2024-08-22 17:37:01,20.43,6.17,49,75
647,658,576,19.413464371675584,-99.14802946153031,27,17,1,9,0,2024-08-22 17:37:01,20.73,6.17,49,75
648,659,520,19.470699086375355,-99.17832344770432,33,6,0,27,0,2024-08-22 17:37:01,20.69,6.17,49,75
649,660,606,19.394974,-99.138949,27,6,0,21,0,2024-08-22 17:37:01,20.75,6.17,49,75
650,662,566,19.416239,-99.149542,23,6,1,16,0,2024-08-22 17:37:01,20.73,6.17,49,75
651,663,565,19.4176712000745,-99.15278613567352,23,4,0,19,0,2024-08-22 17:37:01,20.73,6.17,49,75
652,664,587,19.404668302672064,-99.13694635033607,27,7,1,19,0,2024-08-22 17:37:01,20.74,6.17,49,75
653,665,586,19.40632606093993,-99.13877864484675,27,11,1,15,0,2024-08-22 17:37:01,20.74,6.17,49,75
654,666,526,19.466952,-99.162928,19,0,0,19,0,2024-08-22 17:37:01,20.71,6.17,49,75
655,667,547,19.447481,-99.155443,31,4,0,27,0,2024-08-22 17:37:01,20.71,6.17,49,75
656,668,488,19.444812,-99.170307,31,2,1,28,0,2024-08-22 17:37:01,20.67,6.17,49,75
657,669,683,19.35038263626101,-99.18722301721573,27,4,0,23,0,2024-08-22 17:37:01,20.47,6.17,49,75
658,670,582,19.40948,-99.135894,19,9,2,8,0,2024-08-22 17:37:01,20.74,6.17,49,75
659,671,522,19.470597,-99.1700529,27,6,0,21,0,2024-08-22 17:37:01,20.7,6.17,49,75
660,672,523,19.471112,-99.165294,19,16,0,3,0,2024-08-22 17:37:01,20.7,6.17,49,75
661,673,508,19.462364,-99.183671,19,8,0,11,0,2024-08-22 17:37:01,20.69,6.17,49,75
662,674,515,19.469621805880028,-99.18408215045929,19,7,1,11,0,2024-08-22 17:37:01,20.69,6.17,49,75
663,678,532,19.4608358,-99.1711512,23,2,0,21,0,2024-08-22 17:37:01,20.7,6.17,49,75
664,681,509,19.459686,-99.1817781,23,2,0,21,0,2024-08-22 17:37:01,20.69,6.17,49,75
665,682,533,19.4604943,-99.1672704,23,3,0,20,0,2024-08-22 17:37:01,20.7,6.17,49,75
666,683,440,19.3617925,-99.1714707,27,0,2,25,0,2024-08-22 17:37:01,20.59,6.17,49,75
667,684,676,19.3582358,-99.1881061,19,6,1,12,0,2024-08-22 17:37:01,20.45,6.17,49,75
668,685,680,19.3667184,-99.1883241,27,8,0,19,0,2024-08-22 17:37:01,20.46,6.17,49,75
669,686,675,19.3625257,-99.1889584,35,11,3,21,0,2024-08-22 17:37:01,20.45,6.17,49,75
670,694,529,19.465614,-99.166867,15,10,0,5,0,2024-08-22 17:37:01,20.7,6.17,49,75
671,695,677,19.35904,-99.184498,35,30,0,5,0,2024-08-22 17:37:01,20.56,6.17,49,75
672,697,511,19.463941,-99.18228,19,2,0,17,0,2024-08-22 17:37:01,20.69,6.17,49,75
673,698,682,19.353534,-99.189548,23,6,1,16,0,2024-08-22 17:37:01,20.47,6.17,49,75
674,699,681,19.355844,-99.189141,19,5,0,14,0,2024-08-22 17:37:01,20.45,6.17,49,75
675,700,711,19.414108,-99.191983,39,1,2,36,0,2024-08-22 17:37:01,20.51,6.17,49,75
676,702,524,19.4680662,-99.1671759,15,5,1,9,0,2024-08-22 17:37:01,20.7,6.17,49,75
